ReviewerID,PaperID,Comment,Score
2052294515,913f54b44dfb9202955fe296cf5586e1105565ea,Interesting methodology.,2
51213642,913f54b44dfb9202955fe296cf5586e1105565ea,Well-structured and informative.,2
2115351163,913f54b44dfb9202955fe296cf5586e1105565ea,Needs more empirical validation.,2
153647675,913f54b44dfb9202955fe296cf5586e1105565ea,Excellent contribution to the field.,3
7236231,913f54b44dfb9202955fe296cf5586e1105565ea,Excellent contribution to the field.,4
40504643,7f57a5bdbf6c711c711e1901864eaa4237b01f9f,Interesting methodology.,2
48702447,7f57a5bdbf6c711c711e1901864eaa4237b01f9f,Needs more empirical validation.,1
145677903,7f57a5bdbf6c711c711e1901864eaa4237b01f9f,Excellent contribution to the field.,2
49576312,52020530c72e189ca0d295e611063a0aaa9109c2,Needs more empirical validation.,4
2149515379,52020530c72e189ca0d295e611063a0aaa9109c2,Well-structured and informative.,2
50320934,52020530c72e189ca0d295e611063a0aaa9109c2,Interesting methodology.,2
134052571,52020530c72e189ca0d295e611063a0aaa9109c2,Limited novelty but useful results.,2
1721427,52020530c72e189ca0d295e611063a0aaa9109c2,Excellent contribution to the field.,1
2300321,52020530c72e189ca0d295e611063a0aaa9109c2,Well-structured and informative.,3
2054520127,52020530c72e189ca0d295e611063a0aaa9109c2,Needs more empirical validation.,1
48493368,53489041a08ef1a6cd19b4c95ce092a148283b6b,Limited novelty but useful results.,5
145585097,53489041a08ef1a6cd19b4c95ce092a148283b6b,Needs more empirical validation.,5
40135250,53489041a08ef1a6cd19b4c95ce092a148283b6b,Interesting methodology.,1
15292561,53489041a08ef1a6cd19b4c95ce092a148283b6b,Excellent contribution to the field.,4
41018147,53489041a08ef1a6cd19b4c95ce092a148283b6b,Limited novelty but useful results.,2
144547315,53489041a08ef1a6cd19b4c95ce092a148283b6b,Limited novelty but useful results.,1
4671928,53489041a08ef1a6cd19b4c95ce092a148283b6b,Needs more empirical validation.,5
